{
	"credit": "Made with Blockbench",
	"texture_size": [64, 64],
	"textures": {
		"0": "the_vault:block/stabilizer",
		"particle": "the_vault:block/stabilizer"
	},
	"elements": [
		{
			"from": [0, 0, 0],
			"to": [16, 3, 16],
			"faces": {
				"north": {"uv": [0, 4, 4, 4.75], "texture": "#0"},
				"east": {"uv": [0, 4, 4, 4.75], "texture": "#0"},
				"south": {"uv": [0, 4, 4, 4.75], "texture": "#0"},
				"west": {"uv": [0, 4, 4, 4.75], "texture": "#0"},
				"up": {"uv": [0, 0, 4, 4], "texture": "#0"},
				"down": {"uv": [0, 4.75, 4, 8.75], "texture": "#0"}
			}
		},
		{
			"from": [1, 3, 1],
			"to": [15, 4, 15],
			"faces": {
				"north": {"uv": [4.75, 3.5, 8.25, 3.75], "texture": "#0"},
				"east": {"uv": [4.75, 3.5, 8.25, 3.75], "texture": "#0"},
				"south": {"uv": [4.75, 3.5, 8.25, 3.75], "texture": "#0"},
				"west": {"uv": [4.75, 3.5, 8.25, 3.75], "texture": "#0"},
				"up": {"uv": [4.75, 0, 8.25, 3.5], "texture": "#0"},
				"down": {"uv": [4.75, 0, 8.25, 3.5], "texture": "#0"}
			}
		},
		{
			"from": [2, 4, 2],
			"to": [5, 28, 5],
			"faces": {
				"north": {"uv": [4, 0.75, 4.75, 6.75], "texture": "#0"},
				"east": {"uv": [4, 0.75, 4.75, 6.75], "texture": "#0"},
				"south": {"uv": [4, 0.75, 4.75, 6.75], "texture": "#0"},
				"west": {"uv": [4, 0.75, 4.75, 6.75], "texture": "#0"},
				"up": {"uv": [4, 0, 4.75, 0.75], "texture": "#0"},
				"down": {"uv": [4, 0, 4.75, 0.75], "texture": "#0"}
			}
		},
		{
			"from": [2, 4, 11],
			"to": [5, 28, 14],
			"faces": {
				"north": {"uv": [4, 0.75, 4.75, 6.75], "texture": "#0"},
				"east": {"uv": [4, 0.75, 4.75, 6.75], "texture": "#0"},
				"south": {"uv": [4, 0.75, 4.75, 6.75], "texture": "#0"},
				"west": {"uv": [4, 0.75, 4.75, 6.75], "texture": "#0"},
				"up": {"uv": [4, 0, 4.75, 0.75], "texture": "#0"},
				"down": {"uv": [4, 0, 4.75, 0.75], "texture": "#0"}
			}
		},
		{
			"from": [11, 4, 2],
			"to": [14, 28, 5],
			"faces": {
				"north": {"uv": [4, 0.75, 4.75, 6.75], "texture": "#0"},
				"east": {"uv": [4, 0.75, 4.75, 6.75], "texture": "#0"},
				"south": {"uv": [4, 0.75, 4.75, 6.75], "texture": "#0"},
				"west": {"uv": [4, 0.75, 4.75, 6.75], "texture": "#0"},
				"up": {"uv": [4, 0, 4.75, 0.75], "texture": "#0"},
				"down": {"uv": [4, 0, 4.75, 0.75], "texture": "#0"}
			}
		},
		{
			"from": [11, 4, 11],
			"to": [14, 28, 14],
			"faces": {
				"north": {"uv": [4, 0.75, 4.75, 6.75], "texture": "#0"},
				"east": {"uv": [4, 0.75, 4.75, 6.75], "texture": "#0"},
				"south": {"uv": [4, 0.75, 4.75, 6.75], "texture": "#0"},
				"west": {"uv": [4, 0.75, 4.75, 6.75], "texture": "#0"},
				"up": {"uv": [4, 0, 4.75, 0.75], "texture": "#0"},
				"down": {"uv": [4, 0, 4.75, 0.75], "texture": "#0"}
			}
		},
		{
			"from": [0, 23, 0],
			"to": [16, 26, 16],
			"faces": {
				"north": {"uv": [0, 4, 4, 4.75], "texture": "#0"},
				"east": {"uv": [0, 4, 4, 4.75], "texture": "#0"},
				"south": {"uv": [0, 4, 4, 4.75], "texture": "#0"},
				"west": {"uv": [0, 4, 4, 4.75], "texture": "#0"},
				"up": {"uv": [0, 0, 4, 4], "texture": "#0"},
				"down": {"uv": [0, 4.75, 4, 8.75], "texture": "#0"}
			}
		},
		{
			"from": [1, 22, 1],
			"to": [15, 23, 15],
			"faces": {
				"north": {"uv": [4.75, 3.5, 8.25, 3.75], "texture": "#0"},
				"east": {"uv": [4.75, 3.5, 8.25, 3.75], "texture": "#0"},
				"south": {"uv": [4.75, 3.5, 8.25, 3.75], "texture": "#0"},
				"west": {"uv": [4.75, 3.5, 8.25, 3.75], "texture": "#0"},
				"up": {"uv": [4.75, 0, 8.25, 3.5], "texture": "#0"},
				"down": {"uv": [4.75, 0, 8.25, 3.5], "texture": "#0"}
			}
		},
		{
			"from": [6, 4, 6],
			"to": [10, 22, 10],
			"faces": {
				"north": {"uv": [4.75, 3.75, 5.75, 8.25], "texture": "#0"},
				"east": {"uv": [4.75, 3.75, 5.75, 8.25], "texture": "#0"},
				"south": {"uv": [4.75, 3.75, 5.75, 8.25], "texture": "#0"},
				"west": {"uv": [4.75, 3.75, 5.75, 8.25], "texture": "#0"},
				"up": {"uv": [8.25, 0, 9.25, 1], "texture": "#0"},
				"down": {"uv": [8.25, 0, 9.25, 1], "texture": "#0"}
			}
		}
	]
}