{
	"credit": "Made with Blockbench",
	"texture_size": [64, 64],
	"textures": {
		"0": "the_vault:block/stabilizer",
		"particle": "the_vault:block/stabilizer"
	},
	"display": {
		"gui": {
			"rotation": [30, 45, 0],
			"translation": [0, 0, 0],
			"scale": [0.625, 0.625, 0.625]
		},
		"ground": {
			"rotation": [0, 0, 0],
			"translation": [0, 3, 0],
			"scale": [0.25, 0.25, 0.25]
		},
		"fixed": {
			"rotation": [0, 180, 0],
			"translation": [0, 0, 0],
			"scale": [1, 1, 1]
		},
		"head": {
			"rotation": [0, 180, 0],
			"translation": [0, 0, 0],
			"scale": [1, 1, 1]
		},
		"firstperson_righthand": {
			"rotation": [0, 315, 0],
			"translation": [0, 2.5, 0],
			"scale": [0.4, 0.4, 0.4]
		},
		"thirdperson_righthand": {
			"rotation": [75, 315, 0],
			"translation": [0, 2.5, 0],
			"scale": [0.375, 0.375, 0.375]
		}
	},
	"elements": [
		{
			"from": [0, 0, 0],
			"to": [16, 3, 16],
			"faces": {
				"north": {"uv": [0, 4, 4, 4.75], "texture": "#0"},
				"east": {"uv": [0, 4, 4, 4.75], "texture": "#0"},
				"south": {"uv": [0, 4, 4, 4.75], "texture": "#0"},
				"west": {"uv": [0, 4, 4, 4.75], "texture": "#0"},
				"up": {"uv": [0, 0, 4, 4], "texture": "#0"},
				"down": {"uv": [0, 4.75, 4, 8.75], "texture": "#0"}
			}
		},
		{
			"from": [1, 3, 1],
			"to": [15, 4, 15],
			"faces": {
				"north": {"uv": [4.75, 3.5, 8.25, 3.75], "texture": "#0"},
				"east": {"uv": [4.75, 3.5, 8.25, 3.75], "texture": "#0"},
				"south": {"uv": [4.75, 3.5, 8.25, 3.75], "texture": "#0"},
				"west": {"uv": [4.75, 3.5, 8.25, 3.75], "texture": "#0"},
				"up": {"uv": [4.75, 0, 8.25, 3.5], "texture": "#0"},
				"down": {"uv": [4.75, 0, 8.25, 3.5], "texture": "#0"}
			}
		},
		{
			"from": [2, 4, 2],
			"to": [5, 28, 5],
			"faces": {
				"north": {"uv": [4, 0.75, 4.75, 6.75], "texture": "#0"},
				"east": {"uv": [4, 0.75, 4.75, 6.75], "texture": "#0"},
				"south": {"uv": [4, 0.75, 4.75, 6.75], "texture": "#0"},
				"west": {"uv": [4, 0.75, 4.75, 6.75], "texture": "#0"},
				"up": {"uv": [4, 0, 4.75, 0.75], "texture": "#0"},
				"down": {"uv": [4, 0, 4.75, 0.75], "texture": "#0"}
			}
		},
		{
			"from": [2, 4, 11],
			"to": [5, 28, 14],
			"faces": {
				"north": {"uv": [4, 0.75, 4.75, 6.75], "texture": "#0"},
				"east": {"uv": [4, 0.75, 4.75, 6.75], "texture": "#0"},
				"south": {"uv": [4, 0.75, 4.75, 6.75], "texture": "#0"},
				"west": {"uv": [4, 0.75, 4.75, 6.75], "texture": "#0"},
				"up": {"uv": [4, 0, 4.75, 0.75], "texture": "#0"},
				"down": {"uv": [4, 0, 4.75, 0.75], "texture": "#0"}
			}
		},
		{
			"from": [11, 4, 2],
			"to": [14, 28, 5],
			"faces": {
				"north": {"uv": [4, 0.75, 4.75, 6.75], "texture": "#0"},
				"east": {"uv": [4, 0.75, 4.75, 6.75], "texture": "#0"},
				"south": {"uv": [4, 0.75, 4.75, 6.75], "texture": "#0"},
				"west": {"uv": [4, 0.75, 4.75, 6.75], "texture": "#0"},
				"up": {"uv": [4, 0, 4.75, 0.75], "texture": "#0"},
				"down": {"uv": [4, 0, 4.75, 0.75], "texture": "#0"}
			}
		},
		{
			"from": [11, 4, 11],
			"to": [14, 28, 14],
			"faces": {
				"north": {"uv": [4, 0.75, 4.75, 6.75], "texture": "#0"},
				"east": {"uv": [4, 0.75, 4.75, 6.75], "texture": "#0"},
				"south": {"uv": [4, 0.75, 4.75, 6.75], "texture": "#0"},
				"west": {"uv": [4, 0.75, 4.75, 6.75], "texture": "#0"},
				"up": {"uv": [4, 0, 4.75, 0.75], "texture": "#0"},
				"down": {"uv": [4, 0, 4.75, 0.75], "texture": "#0"}
			}
		},
		{
			"from": [0, 23, 0],
			"to": [16, 26, 16],
			"faces": {
				"north": {"uv": [0, 4, 4, 4.75], "texture": "#0"},
				"east": {"uv": [0, 4, 4, 4.75], "texture": "#0"},
				"south": {"uv": [0, 4, 4, 4.75], "texture": "#0"},
				"west": {"uv": [0, 4, 4, 4.75], "texture": "#0"},
				"up": {"uv": [0, 0, 4, 4], "texture": "#0"},
				"down": {"uv": [0, 4.75, 4, 8.75], "texture": "#0"}
			}
		},
		{
			"from": [1, 22, 1],
			"to": [15, 23, 15],
			"faces": {
				"north": {"uv": [4.75, 3.5, 8.25, 3.75], "texture": "#0"},
				"east": {"uv": [4.75, 3.5, 8.25, 3.75], "texture": "#0"},
				"south": {"uv": [4.75, 3.5, 8.25, 3.75], "texture": "#0"},
				"west": {"uv": [4.75, 3.5, 8.25, 3.75], "texture": "#0"},
				"up": {"uv": [4.75, 0, 8.25, 3.5], "texture": "#0"},
				"down": {"uv": [4.75, 0, 8.25, 3.5], "texture": "#0"}
			}
		},
		{
			"from": [6, 4, 6],
			"to": [10, 22, 10],
			"faces": {
				"north": {"uv": [4.75, 3.75, 5.75, 8.25], "texture": "#0"},
				"east": {"uv": [4.75, 3.75, 5.75, 8.25], "texture": "#0"},
				"south": {"uv": [4.75, 3.75, 5.75, 8.25], "texture": "#0"},
				"west": {"uv": [4.75, 3.75, 5.75, 8.25], "texture": "#0"},
				"up": {"uv": [8.25, 0, 9.25, 1], "texture": "#0"},
				"down": {"uv": [8.25, 0, 9.25, 1], "texture": "#0"}
			}
		},
		{
			"from": [3, 4, 5],
			"to": [3, 22, 11],
			"faces": {
				"north": {"uv": [5.75, 3.75, 5.75, 8.25], "texture": "#0"},
				"east": {"uv": [5.75, 3.75, 7.25, 8.25], "texture": "#0"},
				"south": {"uv": [5.75, 3.75, 5.75, 8.25], "texture": "#0"},
				"west": {"uv": [5.75, 3.75, 7.25, 8.25], "texture": "#0"},
				"up": {"uv": [0, 0, 0, 1.5], "texture": "#0"},
				"down": {"uv": [0, 0, 0, 1.5], "texture": "#0"}
			}
		},
		{
			"from": [13, 4, 5],
			"to": [13, 22, 11],
			"faces": {
				"north": {"uv": [5.75, 3.75, 5.75, 8.25], "texture": "#0"},
				"east": {"uv": [5.75, 3.75, 7.25, 8.25], "texture": "#0"},
				"south": {"uv": [5.75, 3.75, 5.75, 8.25], "texture": "#0"},
				"west": {"uv": [5.75, 3.75, 7.25, 8.25], "texture": "#0"},
				"up": {"uv": [0, 0, 0, 1.5], "texture": "#0"},
				"down": {"uv": [0, 0, 0, 1.5], "texture": "#0"}
			}
		},
		{
			"from": [5, 4, 3],
			"to": [11, 22, 3],
			"faces": {
				"north": {"uv": [5.75, 3.75, 7.25, 8.25], "texture": "#0"},
				"east": {"uv": [5.75, 3.75, 5.75, 8.25], "texture": "#0"},
				"south": {"uv": [5.75, 3.75, 7.25, 8.25], "texture": "#0"},
				"west": {"uv": [5.75, 3.75, 5.75, 8.25], "texture": "#0"},
				"up": {"uv": [0, 0, 1.5, 0], "texture": "#0"},
				"down": {"uv": [0, 0, 1.5, 0], "texture": "#0"}
			}
		},
		{
			"from": [5, 4, 13],
			"to": [11, 22, 13],
			"faces": {
				"north": {"uv": [5.75, 3.75, 7.25, 8.25], "texture": "#0"},
				"east": {"uv": [5.75, 3.75, 7.25, 8.25], "texture": "#0"},
				"south": {"uv": [5.75, 3.75, 7.25, 8.25], "texture": "#0"},
				"west": {"uv": [5.75, 3.75, 7.25, 8.25], "texture": "#0"},
				"up": {"uv": [0, 0, 0, 0], "texture": "#0"},
				"down": {"uv": [0, 0, 0, 0], "texture": "#0"}
			}
		}
	],
	"groups": [
		0,
		1,
		2,
		3,
		4,
		5,
		6,
		7,
		8,
		{
			"name": "group",
			"origin": [0, 0, 0],
			"color": 0,
			"children": [9, 10, 11, 12]
		}
	]
}