{
	"definitions": [
		// 0.  Ashium
		{
			"index": 0,
			"startColor": "darkorange",
			"endColor": "darkgoldenrod",
			"bgStartColor": "auto",
			"bgEndColor": "auto",
			"selectors": ["%Ashium"]
		},
		// 1.  Bomignite
		{
			"index": 1,
			"startColor": "red",
			"endColor": "royalblue",
			"bgStartColor": "auto",
			"bgEndColor": "auto",
			"selectors": ["%Bomignite"]
		},
		// 2.  Funsoide
		{
			"index": 2,
			"startColor": "orangered",
			"endColor": "auto",
			"bgStartColor": "auto",
			"bgEndColor": "auto",
			"selectors": ["%Funsoide"]
		},
		// 3.  Gorginite
		{
			"index": 3,
			"startColor": "magenta",
			"endColor": "deeppink",
			"bgStartColor": "auto",
			"bgEndColor": "auto",
			"selectors": ["%Gorginite"]
		},
		// 4.  Iskallium
		{
			"index": 0,
			"startColor": "chartreuse",
			"endColor": "greenyellow",
			"bgStartColor": "auto",
			"bgEndColor": "auto",
			"selectors": ["%Iskallium"]
		},
		// 5.  Puffium
		{
			"index": 0,
			"startColor": "lavenderblush",
			"endColor": "orange",
			"bgStartColor": "auto",
			"bgEndColor": "auto",
			"selectors": ["%Puffium"]
		},
		// 6.  Sparkletine
		{
			"index": 0,
			"startColor": "yellow",
			"endColor": "auto",
			"bgStartColor": "auto",
			"bgEndColor": "auto",
			"selectors": ["%Sparkletine"]
		},
		// 7.  Tubium
		{
			"index": 0,
			"startColor": "seagreen",
			"endColor": "forestgreen",
			"bgStartColor": "auto",
			"bgEndColor": "auto",
			"selectors": ["%Tubium"]
		},
		// 8.  Upaline
		{
			"index": 0,
			"startColor": "mistyrose",
			"endColor": "auto",
			"bgStartColor": "auto",
			"bgEndColor": "auto",
			"selectors": ["%Upaline"]
		},
		// 9.  Benitoite & Larimar
		{
			"index": 9,
			"startColor": "royalblue",
			"endColor": "cyan",
			"bgStartColor": "auto",
			"bgEndColor": "auto",
			"selectors": ["%Benitoite", "%Larimar"]
		},
		// 10.  Alexandrite & Wutodie
		{
			"index": 10,
			"startColor": "#fa0543",
			"endColor": "darkviolet",
			"bgStartColor": "auto",
			"bgEndColor": "auto",
			"selectors": ["%Alexandrite", "%Wutodie"]
		},
		// 11.  Black Opal & Painite
		{
			"index": 11,
			"startColor": "dimgray",
			"endColor": "firebrick",
			"bgStartColor": "auto",
			"bgEndColor": "auto",
			"selectors": ["%Black Opal", "%Painite"]
		},
		// 12.  Echo
		{
			"index": 12,
			"startColor": "60_black_indigo",
			"endColor": "60_black_indigo",
			"bgStartColor": "auto",
			"bgEndColor": "auto",
			"selectors": ["%Echo"]
		},
		// 13.  POG"
		{
			"index": 13,
			"startColor": "80_red_orange_yellow_green_blue_purple",
			"endColor": "80_red_orange_yellow_green_blue_purple",
			"bgStartColor": "auto",
			"bgEndColor": "auto",
			"selectors": ["%POG"]
		}
	]
}